[{"model": "admin.logentry", "pk": 1, "fields": {"action_time": "2025-05-27T11:24:38.682Z", "user": 4, "content_type": 4, "object_id": "1", "object_repr": "hope", "action_flag": 3, "change_message": ""}}, {"model": "admin.logentry", "pk": 2, "fields": {"action_time": "2025-05-27T11:24:45.012Z", "user": 4, "content_type": 4, "object_id": "2", "object_repr": "muratt", "action_flag": 3, "change_message": ""}}, {"model": "admin.logentry", "pk": 3, "fields": {"action_time": "2025-05-27T11:31:24.914Z", "user": 4, "content_type": 7, "object_id": "2", "object_repr": "ELE3776 - Matematisk analyse", "action_flag": 1, "change_message": "[{\"added\": {}}]"}}, {"model": "admin.logentry", "pk": 4, "fields": {"action_time": "2025-05-27T11:31:39.434Z", "user": 4, "content_type": 7, "object_id": "3", "object_repr": "EXC3580 - Marketing Mgmt. and Strategy", "action_flag": 1, "change_message": "[{\"added\": {}}]"}}, {"model": "admin.logentry", "pk": 5, "fields": {"action_time": "2025-05-27T11:31:56.299Z", "user": 4, "content_type": 7, "object_id": "4", "object_repr": "EXC2110 - Basic Financial Management", "action_flag": 1, "change_message": "[{\"added\": {}}]"}}, {"model": "admin.logentry", "pk": 6, "fields": {"action_time": "2025-05-27T11:32:56.802Z", "user": 4, "content_type": 7, "object_id": "5", "object_repr": "EXC 3430 - Fundamentals of Accounting and Finance", "action_flag": 1, "change_message": "[{\"added\": {}}]"}}, {"model": "admin.logentry", "pk": 7, "fields": {"action_time": "2025-05-27T11:33:15.168Z", "user": 4, "content_type": 7, "object_id": "6", "object_repr": "EXC 3460 - Organizational Behavior and Leadership", "action_flag": 1, "change_message": "[{\"added\": {}}]"}}, {"model": "admin.logentry", "pk": 8, "fields": {"action_time": "2025-05-27T11:33:32.297Z", "user": 4, "content_type": 7, "object_id": "7", "object_repr": "EXC 3420 - Economics I", "action_flag": 1, "change_message": "[{\"added\": {}}]"}}, {"model": "admin.logentry", "pk": 9, "fields": {"action_time": "2025-05-27T11:33:52.000Z", "user": 4, "content_type": 7, "object_id": "8", "object_repr": "EBA 3400 - Programming, Data Extraction and Visualisation", "action_flag": 1, "change_message": "[{\"added\": {}}]"}}, {"model": "admin.logentry", "pk": 10, "fields": {"action_time": "2025-05-27T11:34:12.337Z", "user": 4, "content_type": 7, "object_id": "9", "object_repr": "EBA 1180 - Mathematics for Data Science", "action_flag": 1, "change_message": "[{\"added\": {}}]"}}, {"model": "admin.logentry", "pk": 11, "fields": {"action_time": "2025-05-27T11:34:31.190Z", "user": 4, "content_type": 7, "object_id": "10", "object_repr": "EBA 3520 - AI and Data Ethics", "action_flag": 1, "change_message": "[{\"added\": {}}]"}}, {"model": "admin.logentry", "pk": 12, "fields": {"action_time": "2025-05-27T11:34:49.008Z", "user": 4, "content_type": 7, "object_id": "11", "object_repr": "EBA 2904 - Statistics with Programming", "action_flag": 1, "change_message": "[{\"added\": {}}]"}}, {"model": "admin.logentry", "pk": 13, "fields": {"action_time": "2025-05-27T11:35:07.085Z", "user": 4, "content_type": 7, "object_id": "12", "object_repr": "EBA 3420 - Databases", "action_flag": 1, "change_message": "[{\"added\": {}}]"}}, {"model": "admin.logentry", "pk": 14, "fields": {"action_time": "2025-05-27T11:35:29.150Z", "user": 4, "content_type": 7, "object_id": "13", "object_repr": "EXC 3500 - Economics II", "action_flag": 1, "change_message": "[{\"added\": {}}]"}}, {"model": "admin.logentry", "pk": 15, "fields": {"action_time": "2025-05-27T11:49:13.859Z", "user": 4, "content_type": 7, "object_id": "14", "object_repr": "EBA 3501 - Foundations of Data Science", "action_flag": 1, "change_message": "[{\"added\": {}}]"}}, {"model": "admin.logentry", "pk": 16, "fields": {"action_time": "2025-05-27T11:49:33.606Z", "user": 4, "content_type": 7, "object_id": "15", "object_repr": "EBA 3610 - Decision Modelling Using Spreadsheet", "action_flag": 1, "change_message": "[{\"added\": {}}]"}}, {"model": "admin.logentry", "pk": 17, "fields": {"action_time": "2025-05-27T11:49:51.202Z", "user": 4, "content_type": 7, "object_id": "16", "object_repr": "EBA 3630 - Data Driven Management Accounting", "action_flag": 1, "change_message": "[{\"added\": {}}]"}}, {"model": "admin.logentry", "pk": 18, "fields": {"action_time": "2025-05-27T11:50:27.599Z", "user": 4, "content_type": 7, "object_id": "17", "object_repr": "STR 3610 - Doing Sustainable Business", "action_flag": 1, "change_message": "[{\"added\": {}}]"}}, {"model": "admin.logentry", "pk": 19, "fields": {"action_time": "2025-05-27T11:50:43.668Z", "user": 4, "content_type": 7, "object_id": "18", "object_repr": "EBA 3530 - Machine Learning and Forecasting", "action_flag": 1, "change_message": "[{\"added\": {}}]"}}, {"model": "admin.logentry", "pk": 20, "fields": {"action_time": "2025-05-27T11:51:00.424Z", "user": 4, "content_type": 7, "object_id": "19", "object_repr": "EBA 3640 - Marketing Analytics", "action_flag": 1, "change_message": "[{\"added\": {}}]"}}, {"model": "admin.logentry", "pk": 21, "fields": {"action_time": "2025-05-27T11:51:17.739Z", "user": 4, "content_type": 7, "object_id": "20", "object_repr": "EBA 3650 - Quantitative Economics", "action_flag": 1, "change_message": "[{\"added\": {}}]"}}, {"model": "admin.logentry", "pk": 22, "fields": {"action_time": "2025-06-02T21:50:49.988Z", "user": 4, "content_type": 9, "object_id": "27", "object_repr": "From umidajade to hopee", "action_flag": 3, "change_message": ""}}, {"model": "admin.logentry", "pk": 23, "fields": {"action_time": "2025-06-02T21:50:49.988Z", "user": 4, "content_type": 9, "object_id": "26", "object_repr": "From umidajade to hopee", "action_flag": 3, "change_message": ""}}, {"model": "admin.logentry", "pk": 24, "fields": {"action_time": "2025-06-02T21:50:49.988Z", "user": 4, "content_type": 9, "object_id": "25", "object_repr": "From umidajade to hopee", "action_flag": 3, "change_message": ""}}, {"model": "admin.logentry", "pk": 25, "fields": {"action_time": "2025-06-02T21:50:49.988Z", "user": 4, "content_type": 9, "object_id": "24", "object_repr": "From umidajade to hopee", "action_flag": 3, "change_message": ""}}, {"model": "admin.logentry", "pk": 26, "fields": {"action_time": "2025-06-02T21:50:49.988Z", "user": 4, "content_type": 9, "object_id": "23", "object_repr": "From umidajade to hopee", "action_flag": 3, "change_message": ""}}, {"model": "admin.logentry", "pk": 27, "fields": {"action_time": "2025-06-02T21:50:49.988Z", "user": 4, "content_type": 9, "object_id": "22", "object_repr": "From hopee to umidajade", "action_flag": 3, "change_message": ""}}, {"model": "admin.logentry", "pk": 28, "fields": {"action_time": "2025-06-02T21:50:49.988Z", "user": 4, "content_type": 9, "object_id": "21", "object_repr": "From umidajade to hopee", "action_flag": 3, "change_message": ""}}, {"model": "admin.logentry", "pk": 29, "fields": {"action_time": "2025-06-02T21:50:49.988Z", "user": 4, "content_type": 9, "object_id": "20", "object_repr": "From umidajade to hopee", "action_flag": 3, "change_message": ""}}, {"model": "admin.logentry", "pk": 30, "fields": {"action_time": "2025-06-02T21:50:59.648Z", "user": 4, "content_type": 11, "object_id": "3", "object_repr": "Umidakhon Muratbekova", "action_flag": 3, "change_message": ""}}, {"model": "auth.permission", "pk": 1, "fields": {"name": "Can add log entry", "content_type": 1, "codename": "add_logentry"}}, {"model": "auth.permission", "pk": 2, "fields": {"name": "Can change log entry", "content_type": 1, "codename": "change_logentry"}}, {"model": "auth.permission", "pk": 3, "fields": {"name": "Can delete log entry", "content_type": 1, "codename": "delete_logentry"}}, {"model": "auth.permission", "pk": 4, "fields": {"name": "Can view log entry", "content_type": 1, "codename": "view_logentry"}}, {"model": "auth.permission", "pk": 5, "fields": {"name": "Can add permission", "content_type": 2, "codename": "add_permission"}}, {"model": "auth.permission", "pk": 6, "fields": {"name": "Can change permission", "content_type": 2, "codename": "change_permission"}}, {"model": "auth.permission", "pk": 7, "fields": {"name": "Can delete permission", "content_type": 2, "codename": "delete_permission"}}, {"model": "auth.permission", "pk": 8, "fields": {"name": "Can view permission", "content_type": 2, "codename": "view_permission"}}, {"model": "auth.permission", "pk": 9, "fields": {"name": "Can add group", "content_type": 3, "codename": "add_group"}}, {"model": "auth.permission", "pk": 10, "fields": {"name": "Can change group", "content_type": 3, "codename": "change_group"}}, {"model": "auth.permission", "pk": 11, "fields": {"name": "Can delete group", "content_type": 3, "codename": "delete_group"}}, {"model": "auth.permission", "pk": 12, "fields": {"name": "Can view group", "content_type": 3, "codename": "view_group"}}, {"model": "auth.permission", "pk": 13, "fields": {"name": "Can add user", "content_type": 4, "codename": "add_user"}}, {"model": "auth.permission", "pk": 14, "fields": {"name": "Can change user", "content_type": 4, "codename": "change_user"}}, {"model": "auth.permission", "pk": 15, "fields": {"name": "Can delete user", "content_type": 4, "codename": "delete_user"}}, {"model": "auth.permission", "pk": 16, "fields": {"name": "Can view user", "content_type": 4, "codename": "view_user"}}, {"model": "auth.permission", "pk": 17, "fields": {"name": "Can add content type", "content_type": 5, "codename": "add_contenttype"}}, {"model": "auth.permission", "pk": 18, "fields": {"name": "Can change content type", "content_type": 5, "codename": "change_contenttype"}}, {"model": "auth.permission", "pk": 19, "fields": {"name": "Can delete content type", "content_type": 5, "codename": "delete_contenttype"}}, {"model": "auth.permission", "pk": 20, "fields": {"name": "Can view content type", "content_type": 5, "codename": "view_contenttype"}}, {"model": "auth.permission", "pk": 21, "fields": {"name": "Can add session", "content_type": 6, "codename": "add_session"}}, {"model": "auth.permission", "pk": 22, "fields": {"name": "Can change session", "content_type": 6, "codename": "change_session"}}, {"model": "auth.permission", "pk": 23, "fields": {"name": "Can delete session", "content_type": 6, "codename": "delete_session"}}, {"model": "auth.permission", "pk": 24, "fields": {"name": "Can view session", "content_type": 6, "codename": "view_session"}}, {"model": "auth.permission", "pk": 25, "fields": {"name": "Can add course", "content_type": 7, "codename": "add_course"}}, {"model": "auth.permission", "pk": 26, "fields": {"name": "Can change course", "content_type": 7, "codename": "change_course"}}, {"model": "auth.permission", "pk": 27, "fields": {"name": "Can delete course", "content_type": 7, "codename": "delete_course"}}, {"model": "auth.permission", "pk": 28, "fields": {"name": "Can view course", "content_type": 7, "codename": "view_course"}}, {"model": "auth.permission", "pk": 29, "fields": {"name": "Can add status", "content_type": 8, "codename": "add_status"}}, {"model": "auth.permission", "pk": 30, "fields": {"name": "Can change status", "content_type": 8, "codename": "change_status"}}, {"model": "auth.permission", "pk": 31, "fields": {"name": "Can delete status", "content_type": 8, "codename": "delete_status"}}, {"model": "auth.permission", "pk": 32, "fields": {"name": "Can view status", "content_type": 8, "codename": "view_status"}}, {"model": "auth.permission", "pk": 33, "fields": {"name": "Can add message", "content_type": 9, "codename": "add_message"}}, {"model": "auth.permission", "pk": 34, "fields": {"name": "Can change message", "content_type": 9, "codename": "change_message"}}, {"model": "auth.permission", "pk": 35, "fields": {"name": "Can delete message", "content_type": 9, "codename": "delete_message"}}, {"model": "auth.permission", "pk": 36, "fields": {"name": "Can view message", "content_type": 9, "codename": "view_message"}}, {"model": "auth.permission", "pk": 37, "fields": {"name": "Can add notification", "content_type": 10, "codename": "add_notification"}}, {"model": "auth.permission", "pk": 38, "fields": {"name": "Can change notification", "content_type": 10, "codename": "change_notification"}}, {"model": "auth.permission", "pk": 39, "fields": {"name": "Can delete notification", "content_type": 10, "codename": "delete_notification"}}, {"model": "auth.permission", "pk": 40, "fields": {"name": "Can view notification", "content_type": 10, "codename": "view_notification"}}, {"model": "auth.permission", "pk": 41, "fields": {"name": "Can add profile", "content_type": 11, "codename": "add_profile"}}, {"model": "auth.permission", "pk": 42, "fields": {"name": "Can change profile", "content_type": 11, "codename": "change_profile"}}, {"model": "auth.permission", "pk": 43, "fields": {"name": "Can delete profile", "content_type": 11, "codename": "delete_profile"}}, {"model": "auth.permission", "pk": 44, "fields": {"name": "Can view profile", "content_type": 11, "codename": "view_profile"}}, {"model": "auth.permission", "pk": 45, "fields": {"name": "Can add study goal", "content_type": 12, "codename": "add_studygoal"}}, {"model": "auth.permission", "pk": 46, "fields": {"name": "Can change study goal", "content_type": 12, "codename": "change_studygoal"}}, {"model": "auth.permission", "pk": 47, "fields": {"name": "Can delete study goal", "content_type": 12, "codename": "delete_studygoal"}}, {"model": "auth.permission", "pk": 48, "fields": {"name": "Can view study goal", "content_type": 12, "codename": "view_studygoal"}}, {"model": "auth.permission", "pk": 49, "fields": {"name": "Can add study resource", "content_type": 13, "codename": "add_studyresource"}}, {"model": "auth.permission", "pk": 50, "fields": {"name": "Can change study resource", "content_type": 13, "codename": "change_studyresource"}}, {"model": "auth.permission", "pk": 51, "fields": {"name": "Can delete study resource", "content_type": 13, "codename": "delete_studyresource"}}, {"model": "auth.permission", "pk": 52, "fields": {"name": "Can view study resource", "content_type": 13, "codename": "view_studyresource"}}, {"model": "auth.permission", "pk": 53, "fields": {"name": "Can add study session", "content_type": 14, "codename": "add_studysession"}}, {"model": "auth.permission", "pk": 54, "fields": {"name": "Can change study session", "content_type": 14, "codename": "change_studysession"}}, {"model": "auth.permission", "pk": 55, "fields": {"name": "Can delete study session", "content_type": 14, "codename": "delete_studysession"}}, {"model": "auth.permission", "pk": 56, "fields": {"name": "Can view study session", "content_type": 14, "codename": "view_studysession"}}, {"model": "auth.permission", "pk": 57, "fields": {"name": "Can add match", "content_type": 15, "codename": "add_match"}}, {"model": "auth.permission", "pk": 58, "fields": {"name": "Can change match", "content_type": 15, "codename": "change_match"}}, {"model": "auth.permission", "pk": 59, "fields": {"name": "Can delete match", "content_type": 15, "codename": "delete_match"}}, {"model": "auth.permission", "pk": 60, "fields": {"name": "Can view match", "content_type": 15, "codename": "view_match"}}, {"model": "auth.permission", "pk": 61, "fields": {"name": "Can add review", "content_type": 16, "codename": "add_review"}}, {"model": "auth.permission", "pk": 62, "fields": {"name": "Can change review", "content_type": 16, "codename": "change_review"}}, {"model": "auth.permission", "pk": 63, "fields": {"name": "Can delete review", "content_type": 16, "codename": "delete_review"}}, {"model": "auth.permission", "pk": 64, "fields": {"name": "Can view review", "content_type": 16, "codename": "view_review"}}, {"model": "auth.permission", "pk": 65, "fields": {"name": "Can add planned session", "content_type": 17, "codename": "add_plannedsession"}}, {"model": "auth.permission", "pk": 66, "fields": {"name": "Can change planned session", "content_type": 17, "codename": "change_plannedsession"}}, {"model": "auth.permission", "pk": 67, "fields": {"name": "Can delete planned session", "content_type": 17, "codename": "delete_plannedsession"}}, {"model": "auth.permission", "pk": 68, "fields": {"name": "Can view planned session", "content_type": 17, "codename": "view_plannedsession"}}, {"model": "auth.permission", "pk": 69, "fields": {"name": "Can add study session request", "content_type": 18, "codename": "add_studysessionrequest"}}, {"model": "auth.permission", "pk": 70, "fields": {"name": "Can change study session request", "content_type": 18, "codename": "change_studysessionrequest"}}, {"model": "auth.permission", "pk": 71, "fields": {"name": "Can delete study session request", "content_type": 18, "codename": "delete_studysessionrequest"}}, {"model": "auth.permission", "pk": 72, "fields": {"name": "Can view study session request", "content_type": 18, "codename": "view_studysessionrequest"}}, {"model": "auth.permission", "pk": 73, "fields": {"name": "Can add session attendance", "content_type": 19, "codename": "add_sessionattendance"}}, {"model": "auth.permission", "pk": 74, "fields": {"name": "Can change session attendance", "content_type": 19, "codename": "change_sessionattendance"}}, {"model": "auth.permission", "pk": 75, "fields": {"name": "Can delete session attendance", "content_type": 19, "codename": "delete_sessionattendance"}}, {"model": "auth.permission", "pk": 76, "fields": {"name": "Can view session attendance", "content_type": 19, "codename": "view_sessionattendance"}}, {"model": "auth.permission", "pk": 77, "fields": {"name": "Can add user availability", "content_type": 20, "codename": "add_useravailability"}}, {"model": "auth.permission", "pk": 78, "fields": {"name": "Can change user availability", "content_type": 20, "codename": "change_useravailability"}}, {"model": "auth.permission", "pk": 79, "fields": {"name": "Can delete user availability", "content_type": 20, "codename": "delete_useravailability"}}, {"model": "auth.permission", "pk": 80, "fields": {"name": "Can view user availability", "content_type": 20, "codename": "view_useravailability"}}, {"model": "auth.permission", "pk": 81, "fields": {"name": "Can add enhanced study session", "content_type": 21, "codename": "add_enhancedstudysession"}}, {"model": "auth.permission", "pk": 82, "fields": {"name": "Can change enhanced study session", "content_type": 21, "codename": "change_enhancedstudysession"}}, {"model": "auth.permission", "pk": 83, "fields": {"name": "Can delete enhanced study session", "content_type": 21, "codename": "delete_enhancedstudysession"}}, {"model": "auth.permission", "pk": 84, "fields": {"name": "Can view enhanced study session", "content_type": 21, "codename": "view_enhancedstudysession"}}, {"model": "auth.permission", "pk": 85, "fields": {"name": "Can add session reminder", "content_type": 22, "codename": "add_sessionreminder"}}, {"model": "auth.permission", "pk": 86, "fields": {"name": "Can change session reminder", "content_type": 22, "codename": "change_sessionreminder"}}, {"model": "auth.permission", "pk": 87, "fields": {"name": "Can delete session reminder", "content_type": 22, "codename": "delete_sessionreminder"}}, {"model": "auth.permission", "pk": 88, "fields": {"name": "Can view session reminder", "content_type": 22, "codename": "view_sessionreminder"}}, {"model": "auth.user", "pk": 3, "fields": {"password": "pbkdf2_sha256$870000$A6HTbZeqSspeg30BVJou73$42SqbnpwWhonjyfPaMWI5/GCf7FrP20iGnI/FxDSCVM=", "last_login": "2025-06-02T14:19:15.613Z", "is_superuser": false, "username": "hopee", "first_name": "", "last_name": "", "email": "", "is_staff": false, "is_active": true, "date_joined": "2025-05-24T11:07:31.426Z", "groups": [], "user_permissions": []}}, {"model": "auth.user", "pk": 4, "fields": {"password": "pbkdf2_sha256$870000$dIWlvzZwC1nA1JSuSwnqxf$xjDymsO7ygeVZDA6mt7MBkFkLUJMfKzQ6en2RkAwSUA=", "last_login": "2025-06-04T08:41:39.258Z", "is_superuser": true, "username": "umidajade", "first_name": "", "last_name": "", "email": "umidamurodbekova@gmail.com", "is_staff": true, "is_active": true, "date_joined": "2025-05-27T11:02:29.398Z", "groups": [], "user_permissions": []}}, {"model": "auth.user", "pk": 5, "fields": {"password": "pbkdf2_sha256$870000$QiHDN9swAsFQmRBv36C7l1$DqGmBvGMeW2fnzAN4FT4w3jjp4PUeOqDngPfMPqAEXY=", "last_login": "2025-06-02T21:37:44.966Z", "is_superuser": false, "username": "zara", "first_name": "", "last_name": "", "email": "", "is_staff": false, "is_active": true, "date_joined": "2025-05-27T12:04:15.957Z", "groups": [], "user_permissions": []}}, {"model": "auth.user", "pk": 6, "fields": {"password": "pbkdf2_sha256$870000$DHRVKRlzry1nL8mvJwto8c$4syOXqLMDP2oo14BMxYzi4aX2jel991SbwkgjroSOk8=", "last_login": "2025-05-27T14:05:49.401Z", "is_superuser": false, "username": "sameen", "first_name": "", "last_name": "", "email": "", "is_staff": false, "is_active": true, "date_joined": "2025-05-27T12:22:32.347Z", "groups": [], "user_permissions": []}}, {"model": "auth.user", "pk": 7, "fields": {"password": "pbkdf2_sha256$870000$ee5TCcdvWhQx6xIQdzxcHm$H9dITRKuxByPStUW0sU3exJLVI6q5bvAEiVwQt9CbPg=", "last_login": "2025-06-02T22:09:17.818Z", "is_superuser": false, "username": "benah", "first_name": "", "last_name": "", "email": "", "is_staff": false, "is_active": true, "date_joined": "2025-05-27T14:56:06.714Z", "groups": [], "user_permissions": []}}, {"model": "auth.user", "pk": 8, "fields": {"password": "pbkdf2_sha256$870000$Dwb2i2IEiSgrUIg9VFRSyG$gXkEfRH5jqEA1qI7mV5jX7nM9kqI9StRbCTb6nQE/zY=", "last_login": "2025-06-04T09:19:46.261Z", "is_superuser": false, "username": "ali", "first_name": "", "last_name": "", "email": "s2316236@bi.no", "is_staff": false, "is_active": true, "date_joined": "2025-06-04T09:19:45.452Z", "groups": [], "user_permissions": []}}, {"model": "auth.user", "pk": 9, "fields": {"password": "pbkdf2_sha256$870000$9PfdTpNTxpgvwU13h0eVsY$MDXDlu8Z04x/n17DlCB8LvDBbtPIqlUJK7DpmQAglEU=", "last_login": "2025-06-04T09:57:48.478Z", "is_superuser": false, "username": "husnida", "first_name": "", "last_name": "", "email": "s2233444@bi.no", "is_staff": false, "is_active": true, "date_joined": "2025-06-04T09:23:09.525Z", "groups": [], "user_permissions": []}}, {"model": "auth.user", "pk": 10, "fields": {"password": "pbkdf2_sha256$870000$qzS57phGGQXpySNpl70t5a$DSlZCxXoAuEhi4pSpd81xgf6DzFgv+QrPO4RzeVB0/w=", "last_login": "2025-06-04T09:59:59.881Z", "is_superuser": false, "username": "bek", "first_name": "", "last_name": "", "email": "s2237088@bi.no", "is_staff": false, "is_active": true, "date_joined": "2025-06-04T09:59:26.586Z", "groups": [], "user_permissions": []}}, {"model": "contenttypes.contenttype", "pk": 1, "fields": {"app_label": "admin", "model": "logentry"}}, {"model": "contenttypes.contenttype", "pk": 2, "fields": {"app_label": "auth", "model": "permission"}}, {"model": "contenttypes.contenttype", "pk": 3, "fields": {"app_label": "auth", "model": "group"}}, {"model": "contenttypes.contenttype", "pk": 4, "fields": {"app_label": "auth", "model": "user"}}, {"model": "contenttypes.contenttype", "pk": 5, "fields": {"app_label": "contenttypes", "model": "contenttype"}}, {"model": "contenttypes.contenttype", "pk": 6, "fields": {"app_label": "sessions", "model": "session"}}, {"model": "contenttypes.contenttype", "pk": 7, "fields": {"app_label": "studybuddy_app", "model": "course"}}, {"model": "contenttypes.contenttype", "pk": 8, "fields": {"app_label": "studybuddy_app", "model": "status"}}, {"model": "contenttypes.contenttype", "pk": 9, "fields": {"app_label": "studybuddy_app", "model": "message"}}, {"model": "contenttypes.contenttype", "pk": 10, "fields": {"app_label": "studybuddy_app", "model": "notification"}}, {"model": "contenttypes.contenttype", "pk": 11, "fields": {"app_label": "studybuddy_app", "model": "profile"}}, {"model": "contenttypes.contenttype", "pk": 12, "fields": {"app_label": "studybuddy_app", "model": "studygoal"}}, {"model": "contenttypes.contenttype", "pk": 13, "fields": {"app_label": "studybuddy_app", "model": "studyresource"}}, {"model": "contenttypes.contenttype", "pk": 14, "fields": {"app_label": "studybuddy_app", "model": "studysession"}}, {"model": "contenttypes.contenttype", "pk": 15, "fields": {"app_label": "studybuddy_app", "model": "match"}}, {"model": "contenttypes.contenttype", "pk": 16, "fields": {"app_label": "studybuddy_app", "model": "review"}}, {"model": "contenttypes.contenttype", "pk": 17, "fields": {"app_label": "studybuddy_app", "model": "plannedsession"}}, {"model": "contenttypes.contenttype", "pk": 18, "fields": {"app_label": "studybuddy_app", "model": "studysessionrequest"}}, {"model": "contenttypes.contenttype", "pk": 19, "fields": {"app_label": "studybuddy_app", "model": "sessionattendance"}}, {"model": "contenttypes.contenttype", "pk": 20, "fields": {"app_label": "studybuddy_app", "model": "useravailability"}}, {"model": "contenttypes.contenttype", "pk": 21, "fields": {"app_label": "studybuddy_app", "model": "enhancedstudysession"}}, {"model": "contenttypes.contenttype", "pk": 22, "fields": {"app_label": "studybuddy_app", "model": "sessionreminder"}}, {"model": "sessions.session", "pk": "gkikdbafbncef3ww2rlvjytrz51snru3", "fields": {"session_data": "e30:1uMkMC:w2_0D6gJ4BCfQb_WZDhLT0VNOkQCYTs86dL0xeUPVDE", "expire_date": "2025-06-18T09:24:24.698Z"}}, {"model": "sessions.session", "pk": "hjt246hggvdpnmmgyer6q68o906orf4m", "fields": {"session_data": ".eJxVjDEOwjAMRe-SGUXEdtKEkZ0zVK5taAG1UtNOiLtDpQ6w_vfef7mW16Vv12pzO6g7OXSH361jedi4Ab3zeJu8TOMyD53fFL_T6i-T2vO8u38HPdf-WxsxAoBBiUfUXBQTXE0oQQIypJS5EVZN2EWKjJQtNhSkSJAQC7r3B8m9NxY:1uM60R:KreUi6sNXdSlyEMmZAF_WACand4OTFNcnW3rRyACkVc", "expire_date": "2025-06-16T14:19:15.622Z"}}, {"model": "sessions.session", "pk": "m41hmp341blxhr0g2eij66977beb0x3h", "fields": {"session_data": ".eJxVjEEOwiAQRe_C2hAoDqUu3fcMzQzDSNVAUtqV8e7apAvd_vfef6kJtzVPW0vLNLO6KFCn340wPlLZAd-x3KqOtazLTHpX9EGbHiun5_Vw_w4ytvytyaABMINY9r0VMjZ5AB-IbHDsZJAAoYveMEboRM4u9WIoWnRBwAb1_gDa4zfS:1uM3Fw:vTBAZRscKwrJKKtF5A8R6RiqBsUUeh3RwLHiPlB402Q", "expire_date": "2025-06-16T11:23:04.439Z"}}, {"model": "sessions.session", "pk": "ml1fbrckph1wphkmrdd8qt3gj5o6fw2k", "fields": {"session_data": "e30:1uMkLn:j7_em92n2pN5pfSXXcAEuHyt3MVpPT18BSIesKCg9KE", "expire_date": "2025-06-18T09:23:59.759Z"}}, {"model": "sessions.session", "pk": "p8dlnw99uqu0s3dg5w3757nqkef0qiy3", "fields": {"session_data": "e30:1uMkNv:gKELn0J1nfaLKPhbZu1qcyi95-jxCMX34--VPqGbhgg", "expire_date": "2025-06-18T09:26:11.902Z"}}, {"model": "sessions.session", "pk": "rk7xhmo3bjcejqu80c2aw3cym6d64nhd", "fields": {"session_data": ".eJxVjMEOwiAQRP-FsyHIslA8evcbCMuCVA1NSnsy_rtt0oNe5jDvzbxFiOtSw9rzHEYWF2HE6bejmJ657YAfsd0nmaa2zCPJXZEH7fI2cX5dD_fvoMZet7V1pIdinfIAyQ2eUTMblQhBGfSIEDMoq8katKYYTeAwZYIzpbKl-HwBudY3EQ:1uMjgp:vQ11DGEZFfcg-44-cEJ6koWTnXro_YQgeyxTZcGu4iM", "expire_date": "2025-06-18T08:41:39.263Z"}}, {"model": "sessions.session", "pk": "te8o4ir7raolw1txk3drj7o05bnaff0j", "fields": {"session_data": ".eJxVjDsOwjAQBe_iGlnxf6Gkzxms9XqNA8iR4qRC3B0ipYD2zcx7iYjbWuPWeYlTFhcRxOl3S0gPbjvId2y3WdLc1mVKclfkQbsc58zP6-H-HVTs9Vsbp86DRuddgaCNYqfAWSIyHNKA3mljEwAHRV5lAMulBK1tgUSh5CLeH7npN4k:1uJvip:gR3OQQYeE0WFQ3Q6kHFwMbtYOM1FFY2YetouKSlguZ8", "expire_date": "2025-06-10T14:56:07.482Z"}}, {"model": "sessions.session", "pk": "vgxr4o9pfztukr6btj5rg3b1urg1ogzt", "fields": {"session_data": ".eJxVjEEOwiAQRe_C2hAoDqUu3fcMzQzDSNVAUtqV8e7apAvd_vfef6kJtzVPW0vLNLO6KFCn340wPlLZAd-x3KqOtazLTHpX9EGbHiun5_Vw_w4ytvytyaABMINY9r0VMjZ5AB-IbHDsZJAAoYveMEboRM4u9WIoWnRBwAb1_gDa4zfS:1uMCYY:ZslBK2MvJY3bEx2IVBULDcQaSwLbZKzj7RWN2QA5mHg", "expire_date": "2025-06-16T21:18:54.693Z"}}, {"model": "sessions.session", "pk": "xg708x2zyz0w94ntmyloqdhs7y7d6h04", "fields": {"session_data": "e30:1uMkMs:RQD3bUqfyQwemvCWSTntH_k_Ym29kSpD3o0fnsa2CFQ", "expire_date": "2025-06-18T09:25:06.361Z"}}, {"model": "sessions.session", "pk": "y38tm84go3jkxgr2ifxbyqy9suupw34k", "fields": {"session_data": ".eJxVjDEOwjAMRe-SGUXEdtKEkZ0zVK5taAG1UtNOiLtDpQ6w_vfef7mW16Vv12pzO6g7OXSH361jedi4Ab3zeJu8TOMyD53fFL_T6i-T2vO8u38HPdf-WxsxAoBBiUfUXBQTXE0oQQIypJS5EVZN2EWKjJQtNhSkSJAQC7r3B8m9NxY:1uJvlI:bjBzRZ2OyYBXzPjmpwvmIjIvChcGQONgznTP7-_15RI", "expire_date": "2025-06-10T14:58:40.006Z"}}, {"model": "studybuddy_app.course", "pk": 1, "fields": {"created_at": "2025-05-24T10:55:39.290Z", "updated_at": "2025-05-24T10:55:39.290Z", "code": "ELE3921", "name": "Web Development", "description": ""}}, {"model": "studybuddy_app.course", "pk": 2, "fields": {"created_at": "2025-05-27T11:31:24.912Z", "updated_at": "2025-05-27T11:31:24.912Z", "code": "ELE3776", "name": "Matematisk analyse", "description": ""}}, {"model": "studybuddy_app.course", "pk": 3, "fields": {"created_at": "2025-05-27T11:31:39.432Z", "updated_at": "2025-05-27T11:31:39.432Z", "code": "EXC3580", "name": "Marketing Mgmt. and Strategy", "description": ""}}, {"model": "studybuddy_app.course", "pk": 4, "fields": {"created_at": "2025-05-27T11:31:56.298Z", "updated_at": "2025-05-27T11:31:56.298Z", "code": "EXC2110", "name": "Basic Financial Management", "description": ""}}, {"model": "studybuddy_app.course", "pk": 5, "fields": {"created_at": "2025-05-27T11:32:56.799Z", "updated_at": "2025-05-27T11:32:56.799Z", "code": "EXC 3430", "name": "Fundamentals of Accounting and Finance", "description": ""}}, {"model": "studybuddy_app.course", "pk": 6, "fields": {"created_at": "2025-05-27T11:33:15.167Z", "updated_at": "2025-05-27T11:33:15.167Z", "code": "EXC 3460", "name": "Organizational Behavior and Leadership", "description": ""}}, {"model": "studybuddy_app.course", "pk": 7, "fields": {"created_at": "2025-05-27T11:33:32.295Z", "updated_at": "2025-05-27T11:33:32.295Z", "code": "EXC 3420", "name": "Economics I", "description": ""}}, {"model": "studybuddy_app.course", "pk": 8, "fields": {"created_at": "2025-05-27T11:33:51.998Z", "updated_at": "2025-05-27T11:33:51.998Z", "code": "EBA 3400", "name": "Programming, Data Extraction and Visualisation", "description": ""}}, {"model": "studybuddy_app.course", "pk": 9, "fields": {"created_at": "2025-05-27T11:34:12.335Z", "updated_at": "2025-05-27T11:34:12.335Z", "code": "EBA 1180", "name": "Mathematics for Data Science", "description": ""}}, {"model": "studybuddy_app.course", "pk": 10, "fields": {"created_at": "2025-05-27T11:34:31.188Z", "updated_at": "2025-05-27T11:34:31.188Z", "code": "EBA 3520", "name": "AI and Data Ethics", "description": ""}}, {"model": "studybuddy_app.course", "pk": 11, "fields": {"created_at": "2025-05-27T11:34:49.007Z", "updated_at": "2025-05-27T11:34:49.007Z", "code": "EBA 2904", "name": "Statistics with Programming", "description": ""}}, {"model": "studybuddy_app.course", "pk": 12, "fields": {"created_at": "2025-05-27T11:35:07.082Z", "updated_at": "2025-05-27T11:35:07.082Z", "code": "EBA 3420", "name": "Databases", "description": ""}}, {"model": "studybuddy_app.course", "pk": 13, "fields": {"created_at": "2025-05-27T11:35:29.149Z", "updated_at": "2025-05-27T11:35:29.149Z", "code": "EXC 3500", "name": "Economics II", "description": ""}}, {"model": "studybuddy_app.course", "pk": 14, "fields": {"created_at": "2025-05-27T11:49:13.857Z", "updated_at": "2025-05-27T11:49:13.857Z", "code": "EBA 3501", "name": "Foundations of Data Science", "description": ""}}, {"model": "studybuddy_app.course", "pk": 15, "fields": {"created_at": "2025-05-27T11:49:33.604Z", "updated_at": "2025-05-27T11:49:33.604Z", "code": "EBA 3610", "name": "Decision Modelling Using Spreadsheet", "description": ""}}, {"model": "studybuddy_app.course", "pk": 16, "fields": {"created_at": "2025-05-27T11:49:51.201Z", "updated_at": "2025-05-27T11:49:51.201Z", "code": "EBA 3630", "name": "Data Driven Management Accounting", "description": ""}}, {"model": "studybuddy_app.course", "pk": 17, "fields": {"created_at": "2025-05-27T11:50:27.598Z", "updated_at": "2025-05-27T11:50:27.598Z", "code": "STR 3610", "name": "Doing Sustainable Business", "description": ""}}, {"model": "studybuddy_app.course", "pk": 18, "fields": {"created_at": "2025-05-27T11:50:43.667Z", "updated_at": "2025-05-27T11:50:43.667Z", "code": "EBA 3530", "name": "Machine Learning and Forecasting", "description": ""}}, {"model": "studybuddy_app.course", "pk": 19, "fields": {"created_at": "2025-05-27T11:51:00.421Z", "updated_at": "2025-05-27T11:51:00.421Z", "code": "EBA 3640", "name": "Marketing Analytics", "description": ""}}, {"model": "studybuddy_app.course", "pk": 20, "fields": {"created_at": "2025-05-27T11:51:17.736Z", "updated_at": "2025-05-27T11:51:17.737Z", "code": "EBA 3650", "name": "Quantitative Economics", "description": ""}}, {"model": "studybuddy_app.profile", "pk": 4, "fields": {"created_at": "2025-05-27T12:05:14.664Z", "updated_at": "2025-05-27T12:19:19.095Z", "user": 5, "fname": "Zara", "lname": "Razlan", "email": "s27201@bi.no", "bio": "", "availability": "", "study_methods": "", "rating": 0.0, "picture": "", "major": "Bachelors of Digital Business", "courses": [8, 14, 19, 1, 7]}}, {"model": "studybuddy_app.profile", "pk": 5, "fields": {"created_at": "2025-05-27T13:58:41.441Z", "updated_at": "2025-05-27T14:01:39.621Z", "user": 6, "fname": "Sameen", "lname": "Siddiqui", "email": "s1234567@bi.no", "bio": "Hi guys I'm Sameen! I'd love to get a partner who wants to study Economics with me!", "availability": "", "study_methods": "", "rating": 0.0, "picture": "", "major": "Data Science for Business", "courses": [7]}}, {"model": "studybuddy_app.profile", "pk": 6, "fields": {"created_at": "2025-05-27T14:57:29.586Z", "updated_at": "2025-05-27T14:58:03.381Z", "user": 7, "fname": "Benah", "lname": "Shikanga", "email": "s2334567@bi.no", "bio": "", "availability": "", "study_methods": "", "rating": 0.0, "picture": "", "major": "", "courses": [2, 1, 4]}}, {"model": "studybuddy_app.profile", "pk": 7, "fields": {"created_at": "2025-06-02T13:26:16.238Z", "updated_at": "2025-06-02T20:48:26.701Z", "user": 4, "fname": "Umidakhon", "lname": "Muratbekova", "email": "", "bio": "Hi, guys! My name is Umida and I'm eager to find someone to study together in Foundations of Data Science and Databases! Let's study together :)", "availability": "", "study_methods": "", "rating": 0.0, "picture": "", "major": "Data Science for Business", "courses": [12, 14, 15]}}, {"model": "studybuddy_app.profile", "pk": 8, "fields": {"created_at": "2025-06-04T09:20:46.032Z", "updated_at": "2025-06-04T09:20:46.032Z", "user": 8, "fname": "Ali", "lname": "James", "email": "s2316236@bi.no", "bio": "", "availability": "", "study_methods": "", "rating": 0.0, "picture": "", "major": "Data Science for Business", "courses": [18, 15]}}, {"model": "studybuddy_app.profile", "pk": 9, "fields": {"created_at": "2025-06-04T09:57:48.533Z", "updated_at": "2025-06-04T09:57:57.062Z", "user": 9, "fname": "Husnida", "lname": "Maxamatova", "email": "", "bio": "", "availability": "", "study_methods": "", "rating": 0.0, "picture": "", "major": "Data Science for Business", "courses": [7]}}, {"model": "studybuddy_app.profile", "pk": 10, "fields": {"created_at": "2025-06-04T09:59:27.433Z", "updated_at": "2025-06-04T09:59:44.531Z", "user": 10, "fname": "bek", "lname": "tashbayev", "email": "s2237088@bi.no", "bio": "", "availability": "", "study_methods": "", "rating": 0.0, "picture": "", "major": "Bachelors of Digital Business", "courses": [11]}}, {"model": "studybuddy_app.match", "pk": 5, "fields": {"created_at": "2025-05-27T13:58:41.459Z", "updated_at": "2025-05-27T13:58:41.459Z", "profile1": 4, "profile2": 5, "course": 7}}, {"model": "studybuddy_app.match", "pk": 7, "fields": {"created_at": "2025-05-27T14:58:03.419Z", "updated_at": "2025-05-27T14:58:03.419Z", "profile1": 4, "profile2": 6, "course": 1}}, {"model": "studybuddy_app.match", "pk": 9, "fields": {"created_at": "2025-06-02T14:04:00.635Z", "updated_at": "2025-06-02T14:04:00.635Z", "profile1": 4, "profile2": 7, "course": 14}}, {"model": "studybuddy_app.match", "pk": 10, "fields": {"created_at": "2025-06-04T09:20:46.056Z", "updated_at": "2025-06-04T09:20:46.056Z", "profile1": 7, "profile2": 8, "course": 15}}, {"model": "studybuddy_app.match", "pk": 11, "fields": {"created_at": "2025-06-04T09:57:57.085Z", "updated_at": "2025-06-04T09:57:57.085Z", "profile1": 4, "profile2": 9, "course": 7}}, {"model": "studybuddy_app.match", "pk": 12, "fields": {"created_at": "2025-06-04T09:57:57.096Z", "updated_at": "2025-06-04T09:57:57.096Z", "profile1": 5, "profile2": 9, "course": 7}}, {"model": "studybuddy_app.message", "pk": 1, "fields": {"content": "Hi Zara! Glad to be matched with you on Economics 1. I'm Sameen :)", "read": true, "receiver": 5, "sender": 6, "created_at": "2025-05-27T14:04:10.906Z", "updated_at": "2025-05-27T14:04:10.906Z", "replied_to": null}}, {"model": "studybuddy_app.message", "pk": 2, "fields": {"content": "Hi Sameen! Nice to meet you! I study in Data Science. WHat about you?", "read": true, "receiver": 6, "sender": 5, "created_at": "2025-05-27T14:05:18.222Z", "updated_at": "2025-05-27T14:05:18.222Z", "replied_to": null}}, {"model": "studybuddy_app.message", "pk": 3, "fields": {"content": "I also study data science! OMG!!", "read": true, "receiver": 5, "sender": 6, "created_at": "2025-05-27T14:06:05.586Z", "updated_at": "2025-05-27T14:06:05.586Z", "replied_to": null}}, {"model": "studybuddy_app.message", "pk": 4, "fields": {"content": "oh didn't know that hihi", "read": true, "receiver": 6, "sender": 5, "created_at": "2025-05-27T14:06:16.174Z", "updated_at": "2025-05-27T14:06:16.174Z", "replied_to": null}}, {"model": "studybuddy_app.message", "pk": 5, "fields": {"content": "hehe, so when are you available?", "read": true, "receiver": 5, "sender": 6, "created_at": "2025-05-27T14:15:11.629Z", "updated_at": "2025-05-27T14:15:11.629Z", "replied_to": null}}, {"model": "studybuddy_app.message", "pk": 6, "fields": {"content": "i'm usually available on weekends, what about you?", "read": true, "receiver": 6, "sender": 5, "created_at": "2025-05-27T14:20:42.857Z", "updated_at": "2025-05-27T14:20:42.857Z", "replied_to": null}}, {"model": "studybuddy_app.message", "pk": 7, "fields": {"content": "oh me too!", "read": true, "receiver": 5, "sender": 6, "created_at": "2025-05-27T14:20:57.612Z", "updated_at": "2025-05-27T14:20:57.612Z", "replied_to": null}}, {"model": "studybuddy_app.message", "pk": 8, "fields": {"content": "okay then how about this saturday?", "read": true, "receiver": 6, "sender": 5, "created_at": "2025-05-27T14:25:20.370Z", "updated_at": "2025-05-27T14:25:20.370Z", "replied_to": null}}, {"model": "studybuddy_app.message", "pk": 9, "fields": {"content": "yeah that works for me, time can we meet at 10?", "read": true, "receiver": 6, "sender": 5, "created_at": "2025-05-27T14:31:47.121Z", "updated_at": "2025-05-27T14:31:47.121Z", "replied_to": null}}, {"model": "studybuddy_app.message", "pk": 10, "fields": {"content": "of course! then I'll just log it to the calendar :)", "read": true, "receiver": 5, "sender": 6, "created_at": "2025-05-27T14:32:10.075Z", "updated_at": "2025-05-27T14:32:10.075Z", "replied_to": null}}, {"model": "studybuddy_app.message", "pk": 11, "fields": {"content": "suree", "read": false, "receiver": 6, "sender": 5, "created_at": "2025-05-27T14:32:22.748Z", "updated_at": "2025-05-27T14:32:22.748Z", "replied_to": null}}, {"model": "studybuddy_app.message", "pk": 12, "fields": {"content": "hi do u wanna study together?", "read": true, "receiver": 3, "sender": 7, "created_at": "2025-05-27T14:58:28.505Z", "updated_at": "2025-05-27T14:58:28.505Z", "replied_to": null}}, {"model": "studybuddy_app.message", "pk": 13, "fields": {"content": "of course", "read": true, "receiver": 7, "sender": 3, "created_at": "2025-05-27T14:59:26.569Z", "updated_at": "2025-05-27T14:59:26.569Z", "replied_to": null}}, {"model": "studybuddy_app.message", "pk": 14, "fields": {"content": "vuh", "read": true, "receiver": 3, "sender": 7, "created_at": "2025-05-27T14:59:44.444Z", "updated_at": "2025-05-27T14:59:44.444Z", "replied_to": null}}, {"model": "studybuddy_app.message", "pk": 15, "fields": {"content": "hey hope, do you wanna study together?", "read": true, "receiver": 3, "sender": 4, "created_at": "2025-06-02T14:16:36.065Z", "updated_at": "2025-06-02T14:16:36.065Z", "replied_to": null}}, {"model": "studybuddy_app.message", "pk": 16, "fields": {"content": "hi", "read": true, "receiver": 3, "sender": 4, "created_at": "2025-06-02T14:36:32.439Z", "updated_at": "2025-06-02T14:36:32.439Z", "replied_to": null}}, {"model": "studybuddy_app.message", "pk": 17, "fields": {"content": "oh hi i t ried send message now i finally can", "read": true, "receiver": 4, "sender": 3, "created_at": "2025-06-02T14:37:22.345Z", "updated_at": "2025-06-02T14:37:22.346Z", "replied_to": null}}, {"model": "studybuddy_app.message", "pk": 18, "fields": {"content": "that is good", "read": true, "receiver": 3, "sender": 4, "created_at": "2025-06-02T14:37:50.462Z", "updated_at": "2025-06-02T14:37:50.463Z", "replied_to": null}}, {"model": "studybuddy_app.message", "pk": 19, "fields": {"content": "so when do u wanna meet?", "read": true, "receiver": 3, "sender": 4, "created_at": "2025-06-02T14:41:29.750Z", "updated_at": "2025-06-02T14:41:29.750Z", "replied_to": null}}, {"model": "studybuddy_app.message", "pk": 28, "fields": {"content": "hii", "read": false, "receiver": 3, "sender": 7, "created_at": "2025-06-02T22:10:09.579Z", "updated_at": "2025-06-02T22:10:09.579Z", "replied_to": null}}, {"model": "studybuddy_app.message", "pk": 29, "fields": {"content": "Hi zara! I saw we're taking similar courses. Would you like to study together?", "read": false, "receiver": 5, "sender": 9, "created_at": "2025-06-04T09:58:35.545Z", "updated_at": "2025-06-04T09:58:35.545Z", "replied_to": null}}, {"model": "studybuddy_app.review", "pk": 1, "fields": {"created_at": "2025-06-02T14:49:09.283Z", "updated_at": "2025-06-02T14:49:09.283Z", "reviewer": 4, "reviewed_user": 3, "rating": 5, "comment": "she is a quick learner"}}, {"model": "studybuddy_app.review", "pk": 2, "fields": {"created_at": "2025-06-02T15:31:38.258Z", "updated_at": "2025-06-02T15:31:38.258Z", "reviewer": 4, "reviewed_user": 5, "rating": 5, "comment": ""}}, {"model": "studybuddy_app.review", "pk": 3, "fields": {"created_at": "2025-06-02T15:32:19.334Z", "updated_at": "2025-06-02T15:32:19.334Z", "reviewer": 3, "reviewed_user": 5, "rating": 5, "comment": ""}}, {"model": "studybuddy_app.review", "pk": 4, "fields": {"created_at": "2025-06-02T15:32:28.787Z", "updated_at": "2025-06-02T15:32:28.788Z", "reviewer": 3, "reviewed_user": 7, "rating": 5, "comment": ""}}, {"model": "studybuddy_app.review", "pk": 5, "fields": {"created_at": "2025-06-02T21:09:40.632Z", "updated_at": "2025-06-02T21:09:40.632Z", "reviewer": 5, "reviewed_user": 7, "rating": 5, "comment": ""}}, {"model": "studybuddy_app.review", "pk": 6, "fields": {"created_at": "2025-06-04T09:58:45.343Z", "updated_at": "2025-06-04T09:58:45.343Z", "reviewer": 9, "reviewed_user": 5, "rating": 5, "comment": ""}}]